445-4011-1-ND, , ,C19,1,3,10
, , ,P2;P3;P7,3,9,30
P1.0KECT-ND, , ,R12;R20,2,6,20
XC1671CT-ND, , ,X1,1,3,10
493-2351-1-ND, , ,C21,1,3,10
10MQ060NPBFCT-ND, , ,D1,1,3,10
LM1117T-3.3/NOPB-ND, , ,U7,1,3,10
P2.26KFCT-ND, , ,R9,1,3,10
PS2501-1A-ND, , ,U3,1,3,10
445-4024-1-ND, , ,C3,1,3,10
P68ECT-ND, , ,R7,1,3,10
LM7805CT-ND, , ,U6,1,3,10
A19450-ND, , ,P5,1,3,10
P470ECT-ND, , ,R19;R21,2,6,20
A102194CT-ND, , ,FB1;FB2,2,6,20
25LC256-I/SN-ND, , ,U4,1,3,10
712-1384-1-ND, , ,C6;C7,2,6,20
P100KECT-ND, , ,R3,1,3,10
568-1636-1-ND, , ,Q2,1,3,10
P100ECT-ND, , ,R6;R17,2,6,20
P10KECT-ND, , ,R18,1,3,10
P1.0MECT-ND, , ,R10,1,3,10
A100102-ND, , ,P4,1,3,10
CKN10226CT-ND, , ,SW1,1,3,10
NC7SB3157P6XCT-ND, , ,U1;U2,2,6,20
PIC18F97J60-I/PF-ND, , ,U5,1,3,10
IRF630NPBF-ND, , ,Q1,1,3,10
445-1378-1-ND, , ,C1;C2;C4;C5;C8;C9;C10;C11;C12;C13;C14;C15;C16;C17;C18;C20,16,48,160
P49.9FCT-ND, , ,R1;R2;R4;R5,4,12,40
P4.7KECT-ND, , ,R11,1,3,10
P680ECT-ND, , ,R8,1,3,10
160-1172-1-ND, , ,D2;D3,2,6,20
08B0-1G1T-06-F, , ,J1,1,3,10
P220ECT-ND, , ,R13;R14;R15;R16;R22;R23,6,18,60
ED2609-ND, , ,P1;P6;P8,3,9,30
